id,name,email,phone,age
1,Raul Hartmann,Uriel_Rowe@yahoo.com,8923223125,39
2,Leroy Breitenberg,Leonardo82@hotmail.com,8537496468,19
3,Mr. Tim Bergnaum,Nannie96@hotmail.com,8984067752,20
4,Irving O'Conner,Dortha15@hotmail.com,8282590350,50
5,Gerard Gerhold,Melisa9@gmail.com,8680259396,40
6,Ms. Fannie Feil-Bode I,Kira.Swaniawski-Mraz@yahoo.com,8346901434,39
7,Elsie Veum,Hanna84@yahoo.com,8717869577,22
8,Muriel Erdman,Nelle51@gmail.com,8308791563,46
9,Catherine Wintheiser,Emie20@hotmail.com,8758321513,28
10,Anthony Cassin,Willie.Wunsch@gmail.com,8781749248,58
11,Kristina Hermiston,Adella16@yahoo.com,8038309291,24
12,Cecilia Swift,Orland48@gmail.com,8693194856,41
13,Mr. Roy Hilll Jr.,Damaris29@gmail.com,8763446813,59
14,Faith Lubowitz,Reginald_Zboncak@hotmail.com,8588159750,47
15,Frances Pfeffer,Alphonso_Beahan@yahoo.com,8364383177,42
16,Manuel Schoen,Tod4@hotmail.com,8975492265,52
17,Derek Berge IV,Tre_Marquardt@hotmail.com,8826514426,58
18,Dr. Roderick Hilll,Martine1@yahoo.com,8191583411,22
19,Lydia Greenfelder,Axel.Renner79@hotmail.com,8006037003,42
20,Jacqueline McKenzie,Humberto_Thompson@gmail.com,8754068040,22